date,ret
2015-01-02,0.0019940075
2015-01-05,-0.0041984362
2015-01-06,0.0026094258
2015-01-07,-0.0051337741
2015-01-08,0.0067464449
2015-01-09,0.0035192533
2015-01-12,-0.0014760660
2015-01-13,0.0000695504
2015-01-14,0.0089385489
2015-01-15,-0.0022616417
2015-01-16,-0.0110768929
2015-01-19,0.0013951026
2015-01-20,0.0029814172
2015-01-21,0.0009116415
2015-01-22,-0.0003336656
2015-01-23,0.0086539870
2015-01-26,0.0005300877
2015-01-27,-0.0048129510
2015-01-28,-0.0100929980
2015-01-29,-0.0004128680
2015-01-30,-0.0034749411
2015-02-02,-0.0058173802
2015-02-03,-0.0100133205
2015-02-04,-0.0062882983
2015-02-05,-0.0093663691
2015-02-06,-0.0002039258
2015-02-09,-0.0124125195
2015-02-10,0.0018862738
2015-02-11,0.0055620730
2015-02-12,0.0089793104
2015-02-13,-0.0031744958
2015-02-16,0.0023807632
2015-02-17,-0.0031241773
2015-02-18,0.0015336066
2015-02-19,-0.0012754835
2015-02-20,0.0132868701
2015-02-23,0.0067463543
2015-02-24,0.0070553027
2015-02-25,0.0005708859
2015-02-26,-0.0054326381
2015-02-27,-0.0071161646
2015-03-02,0.0032156838
2015-03-03,-0.0018435846
2015-03-04,-0.0046334711
2015-03-05,-0.0039663137
2015-03-06,0.0001057339
2015-03-09,-0.0115911590
2015-03-10,-0.0003477433
2015-03-11,-0.0066838557
2015-03-12,0.0014268903
2015-03-13,0.0012382730
2015-03-16,0.0047204745
2015-03-17,-0.0001452525
2015-03-18,-0.0105880375
2015-03-19,0.0076627148
2015-03-20,0.0014987619
2015-03-23,-0.0056837113
2015-03-24,0.0028393994
2015-03-25,-0.0048882386
2015-03-26,0.0074489404
2015-03-27,0.0138375028
2015-03-30,-0.0036296557
2015-03-31,-0.0062073924
2015-04-01,0.0000718464
2015-04-02,0.0045857646
2015-04-03,0.0117582791
2015-04-06,-0.0001522474
2015-04-07,-0.0007103532
2015-04-08,0.0017962341
2015-04-09,0.0017512119
2015-04-10,0.0042254329
2015-04-13,-0.0045475547
2015-04-14,0.0006833315
2015-04-15,0.0037536670
2015-04-16,-0.0025057103
2015-04-17,0.0008561835
2015-04-20,0.0023018265
2015-04-21,0.0036498333
2015-04-22,0.0066432330
2015-04-23,-0.0010802469
2015-04-24,0.0037010712
2015-04-27,-0.0004721562
2015-04-28,-0.0022100466
2015-04-29,0.0036551378
2015-04-30,-0.0044266766
2015-05-01,0.0086359086
2015-05-04,0.0042089673
2015-05-05,-0.0055392405
2015-05-06,0.0049587829
2015-05-07,-0.0080636506
2015-05-08,0.0137339220
2015-05-11,0.0031046433
2015-05-12,-0.0001654895
2015-05-13,0.0122495809
2015-05-14,0.0106695343
2015-05-15,-0.0080062825
2015-05-18,0.0011873891
2015-05-19,0.0038647130
2015-05-20,0.0018446134
2015-05-21,-0.0043708414
2015-05-22,0.0002422953
2015-05-25,-0.0016434186
2015-05-26,0.0072945460
2015-05-27,-0.0034772956
2015-05-28,-0.0002910324
2015-05-29,0.0016965894
2015-06-01,-0.0002310105
2015-06-02,-0.0025095500
2015-06-03,-0.0027908096
2015-06-04,-0.0056688600
2015-06-05,-0.0030965549
2015-06-08,-0.0021025560
2015-06-09,-0.0023137156
2015-06-10,0.0038540386
2015-06-11,-0.0019007762
2015-06-12,-0.0020679403
2015-06-15,-0.0062620116
2015-06-16,0.0072779862
2015-06-17,-0.0027045739
2015-06-18,0.0040465108
2015-06-19,-0.0060198439
2015-06-22,-0.0010145363
2015-06-23,-0.0056575197
2015-06-24,0.0010360223
2015-06-25,0.0007527880
2015-06-26,-0.0026192032
2015-06-29,0.0032885184
2015-06-30,-0.0016998453
2015-07-01,-0.0099169275
2015-07-02,0.0075324497
2015-07-03,-0.0012311650
2015-07-06,-0.0116394054
2015-07-07,0.0104234390
2015-07-08,0.0128744254
2015-07-09,0.0042305124
2015-07-10,0.0065408823
2015-07-13,-0.0022104932
2015-07-14,0.0031474795
2015-07-15,0.0045086699
2015-07-16,0.0030258040
2015-07-17,0.0075077685
2015-07-20,0.0005956136
2015-07-21,0.0048245535
2015-07-22,0.0072897766
2015-07-23,0.0040230862
2015-07-24,-0.0002624643
2015-07-27,0.0027848132
2015-07-28,-0.0010270880
2015-07-29,0.0043440829
2015-07-30,0.0020686069
2015-07-31,-0.0074614510
2015-08-03,-0.0035256824
2015-08-04,-0.0001283522
2015-08-05,0.0009808690
2015-08-06,0.0032726440
2015-08-07,-0.0023657683
2015-08-10,-0.0040594645
2015-08-11,0.0033832345
2015-08-12,-0.0060519377
2015-08-13,0.0001237139
2015-08-14,-0.0042011735
2015-08-17,0.0081303904
2015-08-18,-0.0030798563
2015-08-19,-0.0004138103
2015-08-20,-0.0091112574
2015-08-21,0.0065520051
2015-08-24,-0.0035284713
2015-08-25,0.0058332859
2015-08-26,0.0049627646
2015-08-27,0.0023308130
2015-08-28,0.0054251674
2015-08-31,-0.0012452613
2015-09-01,0.0020837340
2015-09-02,-0.0049379042
2015-09-03,0.0036322067
2015-09-04,-0.0021216773
2015-09-07,-0.0011288334
2015-09-08,-0.0059897649
2015-09-09,0.0025298942
2015-09-10,0.0004015095
2015-09-11,-0.0101705604
2015-09-14,-0.0035110644
2015-09-15,-0.0026677183
2015-09-16,0.0138294634
2015-09-17,-0.0028706136
2015-09-18,-0.0022302299
2015-09-21,-0.0074851974
2015-09-22,0.0091808670
2015-09-23,0.0063466210
2015-09-24,-0.0016222688
2015-09-25,-0.0021771327
2015-09-28,0.0027562400
2015-09-29,-0.0011975004
2015-09-30,-0.0050945610
2015-10-01,0.0069747923
2015-10-02,0.0034913406
2015-10-05,-0.0042308198
2015-10-06,-0.0110189760
2015-10-07,0.0040495861
2015-10-08,0.0050686565
2015-10-09,-0.0041121276
2015-10-12,0.0017321345
2015-10-13,0.0008379767
2015-10-14,-0.0025142003
2015-10-15,0.0009423661
2015-10-16,-0.0036173007
2015-10-19,0.0100679175
2015-10-20,-0.0068367396
2015-10-21,-0.0012664961
2015-10-22,-0.0010820783
2015-10-23,0.0021952551
2015-10-26,0.0004471321
2015-10-27,-0.0012767145
2015-10-28,-0.0048991163
2015-10-29,0.0035527358
2015-10-30,-0.0004087559
2015-11-02,-0.0050176824
2015-11-03,-0.0059879228
2015-11-04,0.0002405162
2015-11-05,-0.0013558914
2015-11-06,-0.0038357423
2015-11-09,0.0018575495
2015-11-10,0.0150041262
2015-11-11,0.0061038072
2015-11-12,-0.0035555082
2015-11-13,0.0110782272
2015-11-16,-0.0029962401
2015-11-17,-0.0035642500
2015-11-18,0.0025858357
2015-11-19,-0.0047215696
2015-11-20,-0.0007155392
2015-11-23,0.0085353894
2015-11-24,0.0079307883
2015-11-25,-0.0065829841
2015-11-26,-0.0002343538
2015-11-27,0.0066857703
2015-11-30,-0.0056444519
2015-12-01,-0.0008059274
2015-12-02,0.0089847421
2015-12-03,-0.0017085868
2015-12-04,0.0061285300
2015-12-07,0.0024030665
2015-12-08,-0.0001308314
2015-12-09,0.0011450240
2015-12-10,-0.0011683521
2015-12-11,0.0028520927
2015-12-14,0.0099446948
2015-12-15,0.0090517226
2015-12-16,0.0023042156
2015-12-17,0.0052770349
2015-12-18,0.0085617445
2015-12-21,0.0068947281
2015-12-22,-0.0076678009
2015-12-23,-0.0011548772
2015-12-24,-0.0045716293
2015-12-25,0.0061017868
2015-12-28,-0.0045541175
2015-12-29,0.0034003735
2015-12-30,-0.0046031758
2015-12-31,0.0085515926
2016-01-01,0.0066365865
2016-01-04,0.0036473551
2016-01-05,0.0001071710
2016-01-06,0.0042363793
2016-01-07,-0.0004875960
2016-01-08,-0.0014503464
2016-01-11,-0.0025407809
2016-01-12,-0.0013099819
2016-01-13,-0.0014804934
2016-01-14,-0.0003260314
2016-01-15,0.0041152586
2016-01-18,0.0032084221
2016-01-19,-0.0126396746
2016-01-20,0.0058427635
2016-01-21,0.0010008437
2016-01-22,0.0050913641
2016-01-25,0.0003358747
2016-01-26,-0.0048011174
2016-01-27,-0.0009076031
2016-01-28,-0.0035530576
2016-01-29,0.0091906133
2016-02-01,-0.0081650697
2016-02-02,0.0025437360
2016-02-03,0.0079557325
2016-02-04,-0.0100103499
2016-02-05,0.0032887913
2016-02-08,0.0034826275
2016-02-09,0.0049647233
2016-02-10,-0.0014187337
2016-02-11,-0.0031881409
2016-02-12,-0.0088131205
2016-02-15,0.0100127800
2016-02-16,0.0066894420
2016-02-17,-0.0074749566
2016-02-18,0.0067272502
2016-02-19,0.0092279288
2016-02-22,-0.0087080793
2016-02-23,0.0096872218
2016-02-24,-0.0015210324
2016-02-25,0.0037471932
2016-02-26,0.0056960201
2016-02-29,0.0012731854
2016-03-01,0.0010447357
2016-03-02,-0.0046365909
2016-03-03,-0.0056942506
2016-03-04,-0.0033024795
2016-03-07,-0.0030014541
2016-03-08,-0.0114524223
2016-03-09,0.0036263008
2016-03-10,-0.0027251225
2016-03-11,-0.0077219698
2016-03-14,0.0033116311
2016-03-15,-0.0030654699
2016-03-16,0.0040642542
2016-03-17,0.0038304876
2016-03-18,0.0032997243
2016-03-21,-0.0012692778
2016-03-22,0.0021171657
2016-03-23,-0.0035591497
2016-03-24,0.0062132861
2016-03-25,0.0050345968
2016-03-28,0.0005598967
2016-03-29,0.0168623791
2016-03-30,0.0059504423
2016-03-31,0.0033913897
2016-04-01,0.0210525570
2016-04-04,0.0068394897
2016-04-05,-0.0012216785
2016-04-06,0.0126856791
2016-04-07,0.0164294391
2016-04-08,-0.0233597644
2016-04-11,-0.0166389855
2016-04-12,-0.0045172045
2016-04-13,-0.0329792496
2016-04-14,0.0052780890
2016-04-15,-0.0054751350
2016-04-18,-0.0087541017
2016-04-19,-0.0074868619
2016-04-20,0.0076928475
2016-04-21,-0.0052919450
2016-04-22,0.0136107277
2016-04-25,0.0024631207
2016-04-26,0.0265499134
2016-04-27,0.0058707903
2016-04-28,0.0000050170
2016-04-29,-0.0013565370
2016-05-02,0.0005986978
2016-05-03,0.0048499357
2016-05-04,0.0093783470
2016-05-05,0.0010229654
2016-05-06,0.0010493377
2016-05-09,0.0083240556
2016-05-10,0.0056272395
2016-05-11,-0.0002808011
2016-05-12,0.0010051963
2016-05-13,-0.0077880901
2016-05-16,-0.0084079726
2016-05-17,-0.0074973158
2016-05-18,-0.0013269139
2016-05-19,0.0063495481
2016-05-20,0.0022341354
2016-05-23,0.0087264350
2016-05-24,0.0048539798
2016-05-25,0.0068865910
2016-05-26,0.0026024398
2016-05-27,-0.0035116023
2016-05-30,-0.0054994706
2016-05-31,-0.0026723356
2016-06-01,-0.0043140905
2016-06-02,0.0052301552
2016-06-03,-0.0096438728
2016-06-06,-0.0039617583
2016-06-07,0.0050023708
2016-06-08,-0.0072101841
2016-06-09,-0.0165762129
2016-06-10,0.0065366075
2016-06-13,0.0068807146
2016-06-14,-0.0066272129
2016-06-15,-0.0012746554
2016-06-16,0.0045973088
2016-06-17,0.0095060425
2016-06-20,-0.0043455811
2016-06-21,0.0024997828
2016-06-22,0.0000594619
2016-06-23,-0.0016505234
2016-06-24,0.0053866276
2016-06-27,0.0013487357
2016-06-28,0.0071470024
2016-06-29,-0.0042058616
2016-06-30,-0.0060085728
2016-07-01,-0.0048819455
2016-07-04,0.0044237803
2016-07-05,0.0019933837
2016-07-06,0.0123166475
2016-07-07,-0.0020304539
2016-07-08,0.0024375338
2016-07-11,-0.0042680509
2016-07-12,-0.0088281372
2016-07-13,-0.0051967932
2016-07-14,0.0102469189
2016-07-15,-0.0077811644
2016-07-18,0.0108137816
2016-07-19,0.0033092707
2016-07-20,0.0025002579
2016-07-21,-0.0013338234
2016-07-22,-0.0015274527
2016-07-25,0.0066004240
2016-07-26,0.0034277184
2016-07-27,-0.0010882109
2016-07-28,0.0060432739
2016-07-29,-0.0052338167
2016-08-01,0.0042033454
2016-08-02,-0.0012257543
2016-08-03,0.0109314368
2016-08-04,-0.0043854442
2016-08-05,-0.0004198051
2016-08-08,-0.0002258477
2016-08-09,0.0028995277
2016-08-10,-0.0012113828
2016-08-11,-0.0008132140
2016-08-12,-0.0001070453
2016-08-15,-0.0015536182
2016-08-16,0.0055337381
2016-08-17,-0.0045243576
2016-08-18,0.0072590042
2016-08-19,0.0002404615
2016-08-22,-0.0001357601
2016-08-23,0.0027119268
2016-08-24,0.0000423779
2016-08-25,0.0031708072
2016-08-26,-0.0046769880
2016-08-29,0.0053028015
2016-08-30,0.0045330017
2016-08-31,0.0012856675
2016-09-01,0.0005380980
2016-09-02,-0.0039399390
2016-09-05,-0.0028018200
2016-09-06,0.0047338856
2016-09-07,0.0050740370
2016-09-08,0.0030161450
2016-09-09,-0.0058988252
2016-09-12,0.0030249061
2016-09-13,0.0046529879
2016-09-14,-0.0046304713
2016-09-15,0.0024072398
2016-09-16,-0.0078547716
2016-09-19,-0.0003339427
2016-09-20,-0.0020208023
2016-09-21,-0.0094790312
2016-09-22,0.0069997105
2016-09-23,0.0052361047
2016-09-26,0.0034278534
2016-09-27,0.0051353585
2016-09-28,-0.0011087975
2016-09-29,0.0000620100
2016-09-30,0.0031908880
2016-10-03,-0.0007926179
2016-10-04,-0.0002338686
2016-10-05,0.0012156738
2016-10-06,0.0028578751
2016-10-07,-0.0017126121
2016-10-10,-0.0017555996
2016-10-11,-0.0084145843
2016-10-12,0.0053371732
2016-10-13,0.0022721135
2016-10-14,0.0012406036
2016-10-17,0.0156295314
2016-10-18,0.0025242228
2016-10-19,0.0081751553
2016-10-20,0.0017660573
2016-10-21,-0.0060223614
2016-10-24,0.0011436044
2016-10-25,0.0016648836
2016-10-26,-0.0009365516
2016-10-27,0.0057320944
2016-10-28,0.0045864622
2016-10-31,-0.0119391316
2016-11-01,0.0003543394
2016-11-02,-0.0025873962
2016-11-03,-0.0022192078
2016-11-04,-0.0027067329
2016-11-07,-0.0075199978
2016-11-08,0.0036525022
2016-11-09,0.0064063086
2016-11-10,0.0041096145
2016-11-11,-0.0043951625
2016-11-14,0.0062427809
2016-11-15,0.0015273609
2016-11-16,0.0010578962
2016-11-17,0.0020175356
2016-11-18,0.0053764467
2016-11-21,0.0006280956
2016-11-22,0.0101294457
2016-11-23,-0.0034963046
2016-11-24,0.0038143427
2016-11-25,-0.0032252102
2016-11-28,0.0030238840
2016-11-29,-0.0016469118
2016-11-30,0.0069397539
2016-12-01,0.0005953050
2016-12-02,-0.0058218504
2016-12-05,0.0027718671
2016-12-06,0.0051717699
2016-12-07,-0.0064596426
2016-12-08,-0.0033625540
2016-12-09,0.0016800705
2016-12-12,0.0064408409
2016-12-13,-0.0139423059
2016-12-14,-0.0032810770
2016-12-15,0.0013994108
2016-12-16,0.0059678336
2016-12-19,-0.0016138665
2016-12-20,0.0011375479
2016-12-21,0.0020005597
2016-12-22,0.0042311769
2016-12-23,-0.0062625879
2016-12-26,0.0072687422
2016-12-27,0.0035724058
2016-12-28,-0.0103836034
2016-12-29,0.0038494428
2016-12-30,0.0028472919
2017-01-02,-0.0137770187
2017-01-03,-0.0020636134
2017-01-04,0.0054857543
2017-01-05,0.0050317041
2017-01-06,0.0069727050
2017-01-09,-0.0006671438
2017-01-10,-0.0046392890
2017-01-11,0.0013906620
2017-01-12,-0.0019064272
2017-01-13,0.0105172264
2017-01-16,-0.0029652823
2017-01-17,-0.0012286088
2017-01-18,0.0072714850
2017-01-19,-0.0073588260
2017-01-20,0.0033293671
2017-01-23,-0.0095420164
2017-01-24,-0.0012398798
2017-01-25,-0.0031621227
2017-01-26,-0.0019349267
2017-01-27,-0.0117245846
2017-01-30,-0.0008502907
2017-01-31,0.0085863280
2017-02-01,0.0022994986
2017-02-02,0.0013311604
2017-02-03,0.0014585016
2017-02-06,0.0030264844
2017-02-07,0.0001555615
2017-02-08,0.0047609299
2017-02-09,0.0021569903
2017-02-10,-0.0006568422
2017-02-13,-0.0099689169
2017-02-14,0.0099340445
2017-02-15,0.0084209082
2017-02-16,-0.0130369886
2017-02-17,-0.0032845618
2017-02-20,0.0112533090
2017-02-21,-0.0065276570
2017-02-22,-0.0067338798
2017-02-23,0.0042624946
2017-02-24,0.0020792079
2017-02-27,0.0062344321
2017-02-28,0.0082436648
2017-03-01,-0.0061119855
2017-03-02,0.0001812871
2017-03-03,-0.0151211735
2017-03-06,0.0011698234
2017-03-07,-0.0083837133
2017-03-08,0.0022817442
2017-03-09,0.0056120518
2017-03-10,0.0026634928
2017-03-13,0.0017308521
2017-03-14,0.0072345769
2017-03-15,0.0056122124
2017-03-16,0.0023308498
2017-03-17,-0.0016559784
2017-03-20,-0.0015059844
2017-03-21,-0.0025885821
2017-03-22,-0.0026906597
2017-03-23,0.0096260841
2017-03-24,-0.0073363906
2017-03-27,0.0021443456
2017-03-28,-0.0085034273
2017-03-29,0.0080516108
2017-03-30,0.0040402286
2017-03-31,0.0078703216
2017-04-03,0.0069151003
2017-04-04,-0.0092138456
2017-04-05,0.0091014735
2017-04-06,0.0032226593
2017-04-07,-0.0009396621
2017-04-10,0.0044990024
2017-04-11,0.0111824634
2017-04-12,-0.0086010732
2017-04-13,-0.0104068664
2017-04-14,0.0000330001
2017-04-17,0.0006908918
2017-04-18,0.0026820485
2017-04-19,-0.0066266333
2017-04-20,0.0072238435
2017-04-21,-0.0070221021
2017-04-24,0.0107593313
2017-04-25,0.0035588342
2017-04-26,-0.0021813216
2017-04-27,-0.0041066349
2017-04-28,0.0009509864
2017-05-01,-0.0024445889
2017-05-02,0.0061316444
2017-05-03,0.0014893782
2017-05-04,-0.0073778159
2017-05-05,0.0046528091
2017-05-08,-0.0003537719
2017-05-09,0.0077211566
2017-05-10,-0.0072273604
2017-05-11,0.0009739143
2017-05-12,0.0058231248
2017-05-15,-0.0049939347
2017-05-16,0.0038243538
2017-05-17,0.0030289941
2017-05-18,0.0068810970
2017-05-19,0.0029775459
2017-05-22,0.0040571778
2017-05-23,-0.0076343206
2017-05-24,0.0065820202
2017-05-25,-0.0081754550
2017-05-26,-0.0068321982
2017-05-29,-0.0117280863
2017-05-30,0.0081765867
2017-05-31,0.0018122872
2017-06-01,-0.0032534010
2017-06-02,-0.0089117332
2017-06-05,-0.0006667223
2017-06-06,0.0131872738
2017-06-07,0.0052810963
2017-06-08,-0.0013400247
2017-06-09,0.0009108635
2017-06-12,0.0179995318
2017-06-13,0.0036467401
2017-06-14,0.0010415771
2017-06-15,0.0125697149
2017-06-16,0.0054579305
2017-06-19,0.0036062644
2017-06-20,-0.0080717514
2017-06-21,-0.0129815567
2017-06-22,0.0008386343
2017-06-23,-0.0005358418
2017-06-26,0.0101314210
2017-06-27,0.0069019718
2017-06-28,0.0096557633
2017-06-29,-0.0004947606
2017-06-30,-0.0050320161
2017-07-03,0.0034802039
2017-07-04,-0.0104722974
2017-07-05,0.0051416426
2017-07-06,0.0135047284
2017-07-07,0.0052876331
2017-07-10,0.0024102177
2017-07-11,0.0049881096
2017-07-12,0.0063985085
2017-07-13,0.0001830709
2017-07-14,-0.0051489614
2017-07-17,0.0018983597
2017-07-18,0.0194239931
2017-07-19,-0.0002423506
2017-07-20,-0.0140219881
2017-07-21,0.0009089510
2017-07-24,-0.0044514852
2017-07-25,-0.0162068719
2017-07-26,-0.0145736739
2017-07-27,-0.0072102147
2017-07-28,-0.0004324017
2017-07-31,0.0167682833
2017-08-01,-0.0086624954
2017-08-02,-0.0128850589
2017-08-03,-0.0024940495
2017-08-04,-0.0040338940
2017-08-07,-0.0003922421
2017-08-08,0.0125844828
2017-08-09,-0.0006593607
2017-08-10,0.0068093435
2017-08-11,-0.0024983150
2017-08-14,0.0006558617
2017-08-15,0.0073928725
2017-08-16,0.0069807054
2017-08-17,-0.0086862669
2017-08-18,0.0027767719
2017-08-21,0.0021432041
2017-08-22,0.0041917986
2017-08-23,-0.0024679873
2017-08-24,-0.0049079201
2017-08-25,0.0065062326
2017-08-28,-0.0171400507
2017-08-29,0.0095288445
2017-08-30,0.0210301344
2017-08-31,0.0053873029
2017-09-01,-0.0129724429
2017-09-04,0.0111200234
2017-09-05,0.0089184441
2017-09-06,0.0196830410
2017-09-07,0.0038009542
2017-09-08,0.0144935319
2017-09-11,-0.0040226115
2017-09-12,-0.0071064072
2017-09-13,-0.0050397107
2017-09-14,0.0061066873
2017-09-15,0.0159595784
2017-09-18,-0.0133377214
2017-09-19,-0.0072007458
2017-09-20,0.0362125731
2017-09-21,-0.0000289846
2017-09-22,-0.0008020063
2017-09-25,-0.0178753174
2017-09-26,0.0200719315
2017-09-27,-0.0026238666
2017-09-28,-0.0219852761
2017-09-29,0.0358629019
2017-10-02,0.0374372834
2017-10-03,-0.0295873432
2017-10-04,-0.0254671393
2017-10-05,-0.0040865658
2017-10-06,-0.0288250935
2017-10-09,-0.0017236153
2017-10-10,-0.0457700054
2017-10-11,-0.0128645565
2017-10-12,0.0070372635
2017-10-13,0.0114351235
2017-10-16,-0.0250649026
2017-10-17,-0.0453447183
2017-10-18,0.0485053373
2017-10-19,-0.0094800928
2017-10-20,0.0267878592
2017-10-23,-0.0321728364
2017-10-24,-0.0060117018
2017-10-25,-0.0517462488
2017-10-26,0.0473662864
2017-10-27,-0.0405476898
2017-10-30,0.0191013907
2017-10-31,0.0035954687
2017-11-01,-0.0040411494
2017-11-02,-0.0070854684
2017-11-03,0.0081999501
2017-11-06,-0.0136850697
2017-11-07,-0.0014682218
2017-11-08,-0.0036533719
2017-11-09,0.0022608039
2017-11-10,0.0115769733
2017-11-13,-0.0130829196
2017-11-14,0.0101351853
2017-11-15,0.0055102372
2017-11-16,-0.0070218753
2017-11-17,-0.0018331251
2017-11-20,-0.0029917694
2017-11-21,-0.0105845521
2017-11-22,-0.0026561971
2017-11-23,0.0054355247
2017-11-24,0.0033759029
2017-11-27,-0.0052278532
2017-11-28,-0.0056211970
2017-11-29,0.0023842657
2017-11-30,-0.0033519269
2017-12-01,-0.0006593068
2017-12-04,0.0001265470
2017-12-05,-0.0015619886
2017-12-06,0.0000361118
2017-12-07,-0.0018706282
2017-12-08,0.0031978262
2017-12-11,0.0000864009
2017-12-12,0.0072450430
2017-12-13,0.0050856931
2017-12-14,0.0013272147
2017-12-15,0.0005804373
2017-12-18,-0.0044517289
2017-12-19,0.0097024762
2017-12-20,-0.0000959718
2017-12-21,-0.0085614904
2017-12-22,0.0085361757
2017-12-25,-0.0085342033
2017-12-26,-0.0114447294
2017-12-27,0.0008098235
2017-12-28,-0.0055956917
2017-12-29,0.0057803541
2018-01-01,-0.0001523673
2018-01-02,0.0023065820
2018-01-03,-0.0002158830
2018-01-04,-0.0073530762
2018-01-05,-0.0060752662
2018-01-08,-0.0064818422
2018-01-09,0.0020065617
2018-01-10,-0.0047163752
2018-01-11,0.0013237376
2018-01-12,0.0071090906
2018-01-15,0.0076759703
2018-01-16,0.0128661958
2018-01-17,-0.0006575043
2018-01-18,0.0011201775
2018-01-19,0.0115067046
2018-01-22,-0.0022255321
2018-01-23,0.0001061667
2018-01-24,-0.0041738079
2018-01-25,-0.0066823827
2018-01-26,0.0027711367
2018-01-29,0.0073019427
2018-01-30,0.0068117916
2018-01-31,0.0017886049
2018-02-01,-0.0028829773
2018-02-02,-0.0021340767
2018-02-05,-0.0026686533
2018-02-06,0.0038276704
2018-02-07,-0.0002953054
2018-02-08,0.0051715600
2018-02-09,-0.0007676738
2018-02-12,0.0081903042
2018-02-13,0.0030585106
2018-02-14,-0.0010627795
2018-02-15,0.0022844763
2018-02-16,0.0087539900
2018-02-19,-0.0032914423
2018-02-20,0.0116836495
2018-02-21,-0.0004831637
2018-02-22,-0.0049598635
2018-02-23,0.0081092773
2018-02-26,-0.0013455723
2018-02-27,0.0019891767
2018-02-28,-0.0010788662
2018-03-01,-0.0009535070
2018-03-02,-0.0124110155
2018-03-05,0.0028052426
2018-03-06,0.0072351883
2018-03-07,-0.0026775365
2018-03-08,-0.0020225698
2018-03-09,0.0134101818
2018-03-12,0.0051602548
2018-03-13,0.0034548817
2018-03-14,-0.0085544313
2018-03-15,0.0040067517
2018-03-16,0.0068649063
2018-03-19,0.0082771075
2018-03-20,-0.0000092131
2018-03-21,-0.0023526836
2018-03-22,-0.0037935066
2018-03-23,0.0043113163
2018-03-26,0.0048101553
2018-03-27,-0.0006141892
2018-03-28,-0.0104104141
2018-03-29,-0.0102634958
2018-03-30,0.0060816168
2018-04-02,0.0030736918
2018-04-03,-0.0051412330
2018-04-04,-0.0072496366
2018-04-05,0.0038891275
2018-04-06,-0.0051268856
2018-04-09,0.0042362423
2018-04-10,-0.0078406138
2018-04-11,0.0111726627
2018-04-12,-0.0027617001
2018-04-13,-0.0010308456
2018-04-16,0.0039339451
2018-04-17,0.0069278786
2018-04-18,0.0083364822
2018-04-19,-0.0000986258
2018-04-20,0.0018598836
2018-04-23,0.0014890154
2018-04-24,0.0031619377
2018-04-25,0.0087019164
2018-04-26,-0.0052383503
2018-04-27,0.0010233120
2018-04-30,-0.0017380302
2018-05-01,0.0090855986
2018-05-02,-0.0020795429
2018-05-03,0.0019747044
2018-05-04,-0.0000625973
2018-05-07,0.0090167770
2018-05-08,0.0012768561
2018-05-09,0.0048964163
2018-05-10,-0.0099267095
2018-05-11,0.0042361468
2018-05-14,0.0055128293
2018-05-15,0.0107078867
2018-05-16,-0.0072551887
2018-05-17,0.0006277131
2018-05-18,0.0109243243
2018-05-21,-0.0012418006
2018-05-22,0.0007442864
2018-05-23,0.0027265111
2018-05-24,-0.0048751713
2018-05-25,-0.0009296220
2018-05-28,-0.0037930235
2018-05-29,0.0046435090
2018-05-30,0.0016901882
2018-05-31,0.0003252824
2018-06-01,0.0081993053
2018-06-04,0.0000899776
2018-06-05,0.0207370305
2018-06-06,0.0029174360
2018-06-07,0.0024503296
2018-06-08,-0.0037452781
2018-06-11,0.0116907503
2018-06-12,0.0092050222
2018-06-13,0.0037091301
2018-06-14,0.0109089841
2018-06-15,0.0013690062
2018-06-18,-0.0014783583
2018-06-19,0.0125797882
2018-06-20,0.0031592615
2018-06-21,-0.0046883237
2018-06-22,0.0127986550
2018-06-25,0.0085630667
2018-06-26,0.0029259704
2018-06-27,0.0058802435
2018-06-28,-0.0067422770
2018-06-29,-0.0109369315
2018-07-02,0.0070329041
2018-07-03,0.0037175542
2018-07-04,-0.0040823013
2018-07-05,-0.0012281273
2018-07-06,0.0017068787
2018-07-09,0.0019448356
2018-07-10,0.0036936877
2018-07-11,-0.0195909604
2018-07-12,-0.0004524676
2018-07-13,-0.0018002911
2018-07-16,0.0075358812
2018-07-17,0.0020318852
2018-07-18,0.0082459728
2018-07-19,0.0081444352
2018-07-20,-0.0104375912
2018-07-23,-0.0095353498
2018-07-24,0.0003740271
2018-07-25,-0.0060052319
2018-07-26,-0.0018282580
2018-07-27,-0.0056353519
2018-07-30,-0.0038533055
2018-07-31,0.0013288930
2018-08-01,0.0095202401
2018-08-02,0.0002423887
2018-08-03,-0.0081383953
2018-08-06,-0.0022651673
2018-08-07,0.0027809297
2018-08-08,0.0011776376
2018-08-09,0.0086105684
2018-08-10,0.0009624678
2018-08-13,0.0077077807
2018-08-14,0.0025035506
2018-08-15,-0.0069064481
2018-08-16,0.0003050754
2018-08-17,-0.0081241139
2018-08-20,-0.0006350728
2018-08-21,-0.0041996637
2018-08-22,-0.0011410424
2018-08-23,0.0035649021
2018-08-24,-0.0005308579
2018-08-27,0.0060946511
2018-08-28,-0.0137576812
2018-08-29,0.0072005740
2018-08-30,0.0040384214
2018-08-31,0.0069797826
2018-09-03,0.0043153407
2018-09-04,-0.0007007002
2018-09-05,0.0054997918
2018-09-06,0.0043380104
2018-09-07,0.0143237875
2018-09-10,0.0025918858
2018-09-11,0.0005964482
2018-09-12,-0.0020952923
2018-09-13,-0.0055958938
2018-09-14,0.0073351443
2018-09-17,-0.0062056495
2018-09-18,0.0028203965
2018-09-19,-0.0033035378
2018-09-20,-0.0019985235
2018-09-21,-0.0027136599
2018-09-24,-0.0002127511
2018-09-25,0.0066765797
2018-09-26,0.0007695568
2018-09-27,-0.0066204445
2018-09-28,0.0024601771
2018-10-01,-0.0039992068
2018-10-02,0.0076027109
2018-10-03,0.0086689549
2018-10-04,0.0070664275
2018-10-05,0.0015701604
2018-10-08,0.0016279756
2018-10-09,0.0130310013
2018-10-10,-0.0093902358
2018-10-11,0.0023373069
2018-10-12,-0.0004776461
2018-10-15,0.0049975969
2018-10-16,-0.0025852885
2018-10-17,0.0052268389
2018-10-18,-0.0074490316
2018-10-19,-0.0084635253
2018-10-22,-0.0031609547
2018-10-23,0.0022395934
2018-10-24,0.0040882030
2018-10-25,-0.0053178229
2018-10-26,0.0024342576
2018-10-29,-0.0176360198
2018-10-30,0.0030408191
2018-10-31,0.0042319839
2018-11-01,0.0030641218
2018-11-02,0.0079337064
2018-11-05,0.0003807344
2018-11-06,0.0154993060
2018-11-07,0.0026529509
2018-11-08,0.0175839280
2018-11-09,0.0284484711
2018-11-12,-0.0141439968
2018-11-13,0.0087515978
2018-11-14,-0.0099098514
2018-11-15,0.0129678727
2018-11-16,-0.0074631792
2018-11-19,0.0117805152
2018-11-20,-0.0059638153
2018-11-21,0.0071025335
2018-11-22,0.0137528473
2018-11-23,0.0026900815
2018-11-26,0.0115498832
2018-11-27,-0.0147680878
2018-11-28,-0.0044526831
2018-11-29,0.0180192541
2018-11-30,-0.0011778923
2018-12-03,-0.0147272495
2018-12-04,-0.0076990940
2018-12-05,-0.0148406992
2018-12-06,0.0016161809
2018-12-07,-0.0016150475
2018-12-10,0.0177589325
2018-12-11,0.0087040429
2018-12-12,-0.0044961848
2018-12-13,-0.0111364559
2018-12-14,0.0046284171
2018-12-17,-0.0004539207
2018-12-18,0.0285015162
2018-12-19,0.0575862830
2018-12-20,-0.0043422381
2018-12-21,0.0125849356
2018-12-24,-0.0044910947
2018-12-25,-0.0175298103
2018-12-26,-0.0188692129
2018-12-27,-0.0096561649
2018-12-28,-0.0174038161
2018-12-31,0.0151569655
2019-01-01,0.0016943972
2019-01-02,-0.0109921082
2019-01-03,0.0000259196
2019-01-04,-0.0052358377
2019-01-07,0.0137114883
2019-01-08,0.0013083783
2019-01-09,-0.0191975623
2019-01-10,-0.0090054533
2019-01-11,-0.0199039359
2019-01-14,0.0053397238
2019-01-15,0.0073209972
2019-01-16,-0.0128448855
2019-01-17,0.0083405811
2019-01-18,0.0078831865
2019-01-21,0.0007956877
2019-01-22,-0.0070574111
2019-01-23,0.0082867698
2019-01-24,-0.0060417449
2019-01-25,0.0009445043
2019-01-28,-0.0099094975
2019-01-29,-0.0068316300
2019-01-30,-0.0036234182
2019-01-31,-0.0207275833
2019-02-01,0.0011260936
2019-02-04,-0.0130659709
2019-02-05,0.0060963187
2019-02-06,0.0026209241
2019-02-07,0.0033580031
2019-02-08,0.0075887258
2019-02-11,0.0123769530
2019-02-12,-0.0008587151
2019-02-13,0.0028507523
2019-02-14,0.0069877958
2019-02-15,0.0190243255
2019-02-18,-0.0075745125
2019-02-19,0.0022313423
2019-02-20,-0.0206794612
2019-02-21,0.0134978593
2019-02-22,-0.0049403201
2019-02-25,0.0040445343
2019-02-26,0.0236429038
2019-02-27,0.0020527916
2019-02-28,0.0157262248
2019-03-01,0.0120663579
2019-03-04,0.0050467716
2019-03-05,0.0126402278
2019-03-06,0.0011556608
2019-03-07,0.0033892674
2019-03-08,-0.0013475974
2019-03-11,0.0047041342
2019-03-12,0.0133496893
2019-03-13,-0.0037007074
2019-03-14,-0.0188755071
2019-03-15,0.0110942126
2019-03-18,-0.0059048136
2019-03-19,-0.0089978109
2019-03-20,0.0101747146
2019-03-21,0.0102317871
2019-03-22,-0.0038030030
2019-03-25,0.0003141179
2019-03-26,0.0000894594
2019-03-27,-0.0022920731
2019-03-28,-0.0109949444
2019-03-29,0.0001033683
2019-04-01,0.0003751459
2019-04-02,-0.0062657962
2019-04-03,-0.0144513363
2019-04-04,0.0113292905
2019-04-05,-0.0101128425
2019-04-08,-0.0006124591
2019-04-09,0.0079297475
2019-04-10,0.0194661142
2019-04-11,0.0032292729
2019-04-12,-0.0069274270
2019-04-15,0.0012648878
2019-04-16,0.0252136949
2019-04-17,0.0082343804
2019-04-18,-0.0024962833
2019-04-19,0.0033402412
2019-04-22,-0.0032961419
2019-04-23,-0.0003692995
2019-04-24,-0.0000361453
2019-04-25,0.0115640608
2019-04-26,0.0126553191
2019-04-29,0.0122018665
2019-04-30,-0.0027959598
2019-05-01,-0.0248865135
2019-05-02,-0.0084166524
2019-05-03,-0.0134125518
2019-05-06,0.0032567203
2019-05-07,0.0072708290
2019-05-08,0.0055045890
2019-05-09,0.0149465860
2019-05-10,0.0151623113
2019-05-13,-0.0039287872
2019-05-14,-0.0091232292
2019-05-15,0.0047596458
2019-05-16,-0.0067229242
2019-05-17,-0.0077405710
2019-05-20,-0.0087782493
2019-05-21,0.0185644090
2019-05-22,-0.0077893175
2019-05-23,0.0044814309
2019-05-24,0.0093787607
2019-05-27,-0.0073040543
2019-05-28,-0.0069693279
2019-05-29,-0.0034915281
2019-05-30,-0.0028602305
2019-05-31,0.0020910847
2019-06-03,-0.0083367478
2019-06-04,0.0023608631
2019-06-05,0.0027604371
2019-06-06,0.0041566960
2019-06-07,-0.0018597266
2019-06-10,0.0153345486
2019-06-11,-0.0009580889
2019-06-12,0.0147958606
2019-06-13,0.0081481862
2019-06-14,0.0075638560
2019-06-17,0.0142612328
2019-06-18,0.0115613307
2019-06-19,0.0005429177
2019-06-20,0.0036115218
2019-06-21,0.0016662845
2019-06-24,0.0068386538
2019-06-25,-0.0009452629
2019-06-26,0.0010486135
2019-06-27,-0.0004052539
2019-06-28,-0.0021456220
2019-07-01,0.0025195937
2019-07-02,-0.0040729954
2019-07-03,-0.0073916084
2019-07-04,0.0034234455
2019-07-05,0.0048508518
2019-07-08,0.0124853732
2019-07-09,-0.0038954078
2019-07-10,-0.0008158882
2019-07-11,0.0130840202
2019-07-12,-0.0111973791
2019-07-15,-0.0003549833
2019-07-16,-0.0020807144
2019-07-17,-0.0039399336
2019-07-18,0.0019641026
2019-07-19,-0.0015199666
2019-07-22,-0.0030731589
2019-07-23,0.0042047098
2019-07-24,-0.0097838641
2019-07-25,-0.0052453626
2019-07-26,-0.0109814081
2019-07-29,-0.0003706570
2019-07-30,0.0112218412
2019-07-31,0.0025448926
2019-08-01,0.0006124781
2019-08-02,-0.0054797618
2019-08-05,0.0045856470
2019-08-06,-0.0039841168
2019-08-07,-0.0053441191
2019-08-08,-0.0073618262
2019-08-09,0.0041416009
2019-08-12,-0.0009181383
2019-08-13,0.0026565468
2019-08-14,-0.0042944862
2019-08-15,-0.0075528516
2019-08-16,0.0033516791
2019-08-19,0.0031396225
2019-08-20,0.0058526021
2019-08-21,-0.0018287546
2019-08-22,-0.0025754180
2019-08-23,-0.0044607752
2019-08-26,0.0070413727
2019-08-27,-0.0063447159
2019-08-28,-0.0107939797
2019-08-29,-0.0032941134
2019-08-30,0.0063825072
2019-09-02,-0.0028628586
2019-09-03,-0.0021959360
2019-09-04,-0.0078198577
2019-09-05,0.0016919965
2019-09-06,0.0041072101
2019-09-09,-0.0078342780
2019-09-10,0.0006289365
2019-09-11,0.0077287723
2019-09-12,-0.0031415006
2019-09-13,-0.0010178392
2019-09-16,0.0087062412
2019-09-17,0.0122263940
2019-09-18,-0.0119126739
2019-09-19,0.0025694453
2019-09-20,0.0116177728
2019-09-23,0.0185690699
2019-09-24,-0.0164321162
2019-09-25,0.0011549128
2019-09-26,0.0087249096
2019-09-27,-0.0090184988
2019-09-30,0.0015832384
2019-10-01,0.0011554547
2019-10-02,-0.0057464778
2019-10-03,-0.0069444298
2019-10-04,-0.0018185472
2019-10-07,0.0087064277
2019-10-08,-0.0131676400
2019-10-09,-0.0026597171
2019-10-10,0.0032622274
2019-10-11,0.0063905646
2019-10-14,0.0007189264
2019-10-15,-0.0149136710
2019-10-16,-0.0144296553
2019-10-17,0.0157226240
2019-10-18,-0.0128166706
2019-10-21,-0.0035990928
2019-10-22,0.0062484381
2019-10-23,0.0133440142
2019-10-24,0.0003687746
2019-10-25,-0.0031721671
2019-10-28,0.0211938999
2019-10-29,0.0068895404
2019-10-30,0.0034939077
2019-10-31,-0.0000871254
2019-11-01,0.0032988272
2019-11-04,0.0000270469
2019-11-05,-0.0049563458
2019-11-06,-0.0248482504
2019-11-07,-0.0191546252
2019-11-08,-0.0041900137
2019-11-11,-0.0105680418
2019-11-12,-0.0043679926
2019-11-13,0.0082250151
2019-11-14,0.0037104564
2019-11-15,-0.0147945456
2019-11-18,0.0043918049
2019-11-19,-0.0161297951
2019-11-20,0.0068064153
2019-11-21,0.0039003532
2019-11-22,-0.0529457576
2019-11-25,0.0131074250
2019-11-26,-0.0398896158
2019-11-27,-0.0004390134
2019-11-28,0.0043593134
2019-11-29,-0.0259786208
2019-12-02,-0.0184862790
2019-12-03,-0.0066097478
2019-12-04,0.0012641254
2019-12-05,-0.0027208078
2019-12-06,0.0311030025
2019-12-09,-0.0086929663
2019-12-10,-0.0193203891
2019-12-11,-0.0197940127
2019-12-12,-0.0274361129
2019-12-13,-0.0523844975
2019-12-16,0.0128351081
2019-12-17,0.0011562384
2019-12-18,-0.0051405593
2019-12-19,0.0102947072
2019-12-20,0.0156578979
2019-12-23,-0.0036942453
2019-12-24,-0.0086030783
2019-12-25,0.0031635622
2019-12-26,0.0198513092
2019-12-27,0.0007076397
2019-12-30,0.0130260155
2019-12-31,0.0036778852
2020-01-01,0.0009795227
2020-01-02,0.0135355612
2020-01-03,0.0059487167
2020-01-06,0.0179993937
2020-01-07,0.0098216327
2020-01-08,0.0013662279
2020-01-09,-0.0021718913
2020-01-10,-0.0090332258
2020-01-13,0.0126805398
2020-01-14,0.0009126401
2020-01-15,0.0269984263
2020-01-16,-0.0004465545
2020-01-17,0.0250600847
2020-01-20,0.0091227292
2020-01-21,0.0620362825
2020-01-22,-0.0253466637
2020-01-23,0.0166593780
2020-01-24,0.0080404339
2020-01-27,0.0049864240
2020-01-28,-0.0316626047
2020-01-29,0.0120226845
2020-01-30,0.0123756914
2020-01-31,0.0092148648
2020-02-03,-0.0032546810
2020-02-04,0.0057711295
2020-02-05,0.0014398260
2020-02-06,0.0005916615
2020-02-07,-0.0007606012
2020-02-10,0.0066070235
2020-02-11,-0.0036922672
2020-02-12,0.0045928596
2020-02-13,0.0107184480
2020-02-14,-0.0044071312
2020-02-17,0.0099847889
2020-02-18,-0.0013715907
2020-02-19,0.0014269811
2020-02-20,-0.0043371880
2020-02-21,-0.0044577442
2020-02-24,0.0010077580
2020-02-25,-0.0016274124
2020-02-26,-0.0002551428
2020-02-27,-0.0023356219
2020-02-28,-0.0005482341
2020-03-02,-0.0036993485
2020-03-03,0.0247046733
2020-03-04,0.0416973718
2020-03-05,0.0151482637
2020-03-06,0.0493708972
2020-03-09,0.0431284937
2020-03-10,-0.0035693318
2020-03-11,0.0227171295
2020-03-12,0.0241763322
2020-03-13,0.0045184071
2020-03-16,-0.0049347598
2020-03-17,0.0082559721
2020-03-18,-0.0133601347
2020-03-19,-0.0458610557
2020-03-20,0.0000970820
2020-03-23,-0.0121643312
2020-03-24,-0.0214401646
2020-03-25,-0.0465536231
2020-03-26,-0.0063668446
2020-03-27,-0.0177622746
2020-03-30,0.0019157412
2020-03-31,0.0019252935
2020-04-01,-0.0016753468
2020-04-02,0.0155742565
2020-04-03,0.0071840089
2020-04-06,0.0064133599
2020-04-07,0.0244445440
2020-04-08,0.0033595391
2020-04-09,-0.0150773109
2020-04-10,0.0114579818
2020-04-13,0.0005758795
2020-04-14,0.0097886552
2020-04-15,-0.0023212466
2020-04-16,-0.0029981965
2020-04-17,0.0081724441
2020-04-20,0.0065803689
2020-04-21,-0.0009433624
2020-04-22,0.0006917939
2020-04-23,0.0152954626
2020-04-24,0.0023086566
2020-04-27,0.0030767982
2020-04-28,-0.0098681909
2020-04-29,0.0144332864
2020-04-30,-0.0039572644
2020-05-01,-0.0072161721
2020-05-04,0.0071953143
2020-05-05,-0.0000160763
2020-05-06,0.0065462471
2020-05-07,0.0053509657
2020-05-08,-0.0089466324
2020-05-11,0.0031893204
2020-05-12,-0.0065631933
2020-05-13,-0.0050448948
2020-05-14,-0.0144712166
2020-05-15,0.0013301351
2020-05-18,-0.0021619898
2020-05-19,0.0090014034
2020-05-20,0.0019705386
2020-05-21,-0.0044316235
2020-05-22,-0.0021017236
2020-05-25,-0.0008326742
2020-05-26,-0.0092842424
2020-05-27,-0.0080810402
2020-05-28,0.0075543598
2020-05-29,-0.0039056231
2020-06-01,-0.0087134172
2020-06-02,-0.0023610255
2020-06-03,-0.0015198792
2020-06-04,-0.0097668125
2020-06-05,-0.0000045197
2020-06-08,0.0130202413
2020-06-09,-0.0018810903
2020-06-10,0.0007790283
2020-06-11,0.0007804872
2020-06-12,0.0027678282
2020-06-15,0.0023270594
2020-06-16,0.0008049034
2020-06-17,0.0024640492
2020-06-18,0.0058201098
2020-06-19,-0.0012961683
2020-06-22,-0.0078053663
2020-06-23,0.0035763761
2020-06-24,0.0096121166
2020-06-25,0.0070604519
2020-06-26,0.0087102505
2020-06-29,0.0016424440
2020-06-30,-0.0048119104
2020-07-01,-0.0005540636
2020-07-02,-0.0017016811
2020-07-03,-0.0067733048
2020-07-06,-0.0068584821
2020-07-07,-0.0070725192
2020-07-08,-0.0007893321
2020-07-09,-0.0042152074
2020-07-10,-0.0064910039
2020-07-13,0.0051936385
2020-07-14,0.0091375784
2020-07-15,-0.0023598892
2020-07-16,0.0021707705
2020-07-17,-0.0058643503
2020-07-20,0.0122987237
2020-07-21,-0.0050585130
2020-07-22,0.0010241215
2020-07-23,0.0018100152
2020-07-24,-0.0078978146
2020-07-27,-0.0010049263
2020-07-28,-0.0088771420
2020-07-29,0.0015132000
2020-07-30,0.0018829685
2020-07-31,-0.0020277617
2020-08-03,-0.0053640468
2020-08-04,0.0019262733
2020-08-05,-0.0036257322
2020-08-06,-0.0052966738
2020-08-07,0.0024491496
2020-08-10,0.0044669126
2020-08-11,0.0013587571
2020-08-12,0.0017888183
2020-08-13,-0.0051479576
2020-08-14,0.0017599865
2020-08-17,-0.0019111397
2020-08-18,-0.0077726091
2020-08-19,0.0028233010
2020-08-20,-0.0087957354
2020-08-21,0.0122542386
2020-08-24,0.0025316729
2020-08-25,0.0098968316
2020-08-26,-0.0071999454
2020-08-27,-0.0135386349
2020-08-28,0.0071675983
2020-08-31,-0.0055394762
2020-09-01,-0.0017136044
2020-09-02,0.0060572468
2020-09-03,0.0018858066
2020-09-04,0.0179109518
2020-09-07,0.0017157803
2020-09-08,0.0029120952
2020-09-09,-0.0103593449
2020-09-10,-0.0046780481
2020-09-11,0.0021578671
2020-09-14,-0.0014000249
2020-09-15,0.0027000288
2020-09-16,-0.0024962011
2020-09-17,-0.0021044046
2020-09-18,-0.0063022424
2020-09-21,0.0024556994
2020-09-22,-0.0081348436
2020-09-23,0.0083693847
2020-09-24,-0.0065811624
2020-09-25,-0.0112189080
2020-09-28,0.0058834299
2020-09-29,0.0039410845
2020-09-30,-0.0008843532
2020-10-01,-0.0039884468
2020-10-02,0.0022423417
2020-10-05,-0.0079537936
2020-10-06,0.0043899205
2020-10-07,-0.0043851308
2020-10-08,0.0008931553
2020-10-09,-0.0012642155
2020-10-12,0.0011542753
2020-10-13,0.0052729246
2020-10-14,0.0067993473
2020-10-15,-0.0015651666
2020-10-16,0.0052392702
2020-10-19,-0.0056667265
2020-10-20,0.0025836820
2020-10-21,0.0143033302
2020-10-22,0.0026578177
2020-10-23,0.0075398100
2020-10-26,0.0018983204
2020-10-27,0.0033068894
2020-10-28,-0.0027557942
2020-10-29,-0.0034482437
2020-10-30,0.0050446917
2020-11-02,0.0062269250
2020-11-03,0.0032620281
2020-11-04,0.0098760559
2020-11-05,-0.0091461466
2020-11-06,0.0000408110
2020-11-09,-0.0087731112
2020-11-10,0.0060605685
2020-11-11,-0.0042437579
2020-11-12,0.0007226626
2020-11-13,0.0075680613
2020-11-16,-0.0082762434
2020-11-17,-0.0090024810
2020-11-18,-0.0013528652
2020-11-19,0.0028267866
2020-11-20,0.0028295829
2020-11-23,-0.0079084456
2020-11-24,-0.0086545746
2020-11-25,0.0059704943
2020-11-26,-0.0049448443
2020-11-27,0.0053120893
2020-11-30,-0.0039002899
2020-12-01,0.0145822497
2020-12-02,0.0086776752
2020-12-03,-0.0045999424
2020-12-04,0.0092303098
2020-12-07,0.0037061533
2020-12-08,0.0042123886
2020-12-09,-0.0003527682
2020-12-10,-0.0043827810
2020-12-11,0.0096764254
2020-12-14,0.0039261502
2020-12-15,0.0087778274
2020-12-16,-0.0063010969
2020-12-17,0.0064177420
2020-12-18,0.0063592273
2020-12-21,-0.0020790064
2020-12-22,0.0011628320
2020-12-23,-0.0046409535
2020-12-24,0.0037612920
2020-12-25,0.0041738921
2020-12-28,0.0034057696
2020-12-29,0.0104006458
2020-12-30,-0.0016792698
2020-12-31,-0.0021316672
2021-01-01,-0.0130186220
2021-01-04,-0.0018133959
2021-01-05,-0.0016448759
2021-01-06,-0.0011069151
2021-01-07,0.0019563372
2021-01-08,0.0060386343
2021-01-11,0.0009543751
2021-01-12,0.0049608238
2021-01-13,-0.0024797905
2021-01-14,-0.0037692501
2021-01-15,-0.0049194601
2021-01-18,0.0134974985
2021-01-19,-0.0129759915
2021-01-20,-0.0002643054
2021-01-21,-0.0151780069
2021-01-22,-0.0057288064
2021-01-25,0.0168258686
2021-01-26,-0.0135269870
2021-01-27,-0.0127408636
2021-01-28,0.0000002831
2021-01-29,0.0038697834
2021-02-01,-0.0013850162
2021-02-02,0.0015568431
2021-02-03,0.0195695871
2021-02-04,0.0049337016
2021-02-05,0.0040951459
2021-02-08,0.0006525686
2021-02-09,0.0013908807
2021-02-10,0.0051921611
2021-02-11,-0.0016615378
2021-02-12,0.0032084964
2021-02-15,0.0019337891
2021-02-16,0.0023777139
2021-02-17,-0.0004544995
2021-02-18,-0.0013321731
2021-02-19,-0.0004093013
2021-02-22,-0.0058973928
2021-02-23,-0.0041889092
2021-02-24,-0.0008624817
2021-02-25,0.0035711312
2021-02-26,0.0032053836
2021-03-01,-0.0013980343
2021-03-02,0.0008799340
2021-03-03,0.0026698415
2021-03-04,0.0031541416
2021-03-05,-0.0128884604
2021-03-08,0.0044201815
2021-03-09,0.0067982228
2021-03-10,-0.0024826207
2021-03-11,0.0042998667
2021-03-12,-0.0074765888
2021-03-15,-0.0108518903
2021-03-16,0.0039570688
2021-03-17,-0.0066570630
2021-03-18,0.0014183615
2021-03-19,-0.0001682509
2021-03-22,0.0072930865
2021-03-23,-0.0036615422
2021-03-24,0.0115070135
2021-03-25,-0.0054827925
2021-03-26,0.0119652912
2021-03-29,-0.0023108610
2021-03-30,0.0117050795
2021-03-31,0.0002660699
2021-04-01,0.0072456035
2021-04-02,0.0112952124
2021-04-05,-0.0080327742
2021-04-06,0.0125010039
2021-04-07,0.0087761320
2021-04-08,0.0081298021
2021-04-09,-0.0046010395
2021-04-12,0.0091541747
2021-04-13,0.0009277019
2021-04-14,-0.0022733398
2021-04-15,-0.0027497596
2021-04-16,0.0039491450
2021-04-19,0.0025873691
2021-04-20,0.0105446879
2021-04-21,0.0059895866
2021-04-22,-0.0053429823
2021-04-23,0.0041807409
2021-04-26,0.0086092640
2021-04-27,0.0042977881
2021-04-28,0.0075435422
2021-04-29,0.0025162629
2021-04-30,-0.0043235940
2021-05-03,0.0030161410
2021-05-04,0.0075680374
2021-05-05,0.0010116366
2021-05-06,-0.0053206129
2021-05-07,0.0019828428
2021-05-10,-0.0022735062
2021-05-11,-0.0106433431
2021-05-12,0.0139203154
2021-05-13,-0.0185842666
2021-05-14,-0.0106046381
2021-05-17,-0.0034696649
2021-05-18,-0.0114969423
2021-05-19,0.0128315946
2021-05-20,-0.0001067951
2021-05-21,0.0074612006
2021-05-24,0.0188476964
2021-05-25,-0.0114375098
2021-05-26,0.0156343843
2021-05-27,-0.0032439313
2021-05-28,-0.0032049046
2021-05-31,-0.0021388291
2021-06-01,-0.0085977628
2021-06-02,0.0025186807
2021-06-03,-0.0399960449
2021-06-04,0.0166301315
2021-06-07,0.0046689094
2021-06-08,0.0056369806
2021-06-09,0.0050324331
2021-06-10,0.0037442399
2021-06-11,-0.0033939366
2021-06-14,0.0099826381
2021-06-15,-0.0095867749
2021-06-16,-0.0145898864
2021-06-17,0.0011842503
2021-06-18,-0.0163584221
2021-06-21,-0.0112786830
2021-06-22,-0.0039181365
2021-06-23,0.0075294202
2021-06-24,0.0032307539
2021-06-25,0.0073984021
2021-06-28,0.0062900597
2021-06-29,-0.0020747122
2021-06-30,-0.0007907788
2021-07-01,0.0001637104
2021-07-02,-0.0055201818
2021-07-05,-0.0016910642
2021-07-06,0.0034601507
2021-07-07,0.0010144865
2021-07-08,0.0047070889
2021-07-09,0.0062917097
2021-07-12,0.0220442736
2021-07-13,-0.0067565452
2021-07-14,0.0038810065
2021-07-15,-0.0016377977
2021-07-16,-0.0066023612
2021-07-19,-0.0187146520
2021-07-20,0.0199616270
2021-07-21,-0.0091110914
2021-07-22,0.0004563985
2021-07-23,0.0105213557
2021-07-26,-0.0053648957
2021-07-27,0.0052506764
2021-07-28,-0.0156102908
2021-07-29,-0.0178481089
2021-07-30,0.0056754626
2021-08-02,0.0083366188
2021-08-03,0.0059855519
2021-08-04,-0.0015663985
2021-08-05,0.0097795315
2021-08-06,0.0075046182
2021-08-09,0.0107925216
2021-08-10,0.0147243422
2021-08-11,0.0122381116
2021-08-12,0.0081377436
2021-08-13,-0.0161675272
2021-08-16,-0.0084339753
2021-08-17,-0.0102768547
2021-08-18,-0.0041068273
2021-08-19,-0.0075589516
2021-08-20,-0.0021934019
2021-08-23,0.0000458114
2021-08-24,0.0091730650
2021-08-25,0.0207497521
2021-08-26,-0.0264473968
2021-08-27,-0.0006436907
2021-08-30,0.0101612271
2021-08-31,-0.0143023995
2021-09-01,0.0001223692
2021-09-02,-0.0011605515
2021-09-03,-0.0246756682
2021-09-06,0.0158554701
2021-09-07,0.0165859021
2021-09-08,0.0112639636
2021-09-09,0.0021989768
2021-09-10,0.0000147542
2021-09-13,0.0147477554
2021-09-14,-0.0057984234
2021-09-15,-0.0029816701
2021-09-16,-0.0073720016
2021-09-17,0.0047098884
2021-09-20,0.0020476253
2021-09-21,0.0071143852
2021-09-22,-0.0017524953
2021-09-23,0.0093274577
2021-09-24,-0.0006053682
2021-09-27,-0.0011961167
2021-09-28,-0.0012077249
2021-09-29,-0.0049526046
2021-09-30,0.0027995814
2021-10-01,-0.0075723699
2021-10-04,-0.0118361179
2021-10-05,-0.0029640023
2021-10-06,-0.0099928720
2021-10-07,0.0034197042
2021-10-08,0.0056771589
2021-10-11,0.0056907733
2021-10-12,0.0001765091
2021-10-13,0.0073140447
2021-10-14,0.0032554786
2021-10-15,-0.0047403927
2021-10-18,-0.0055067521
2021-10-19,0.0088396862
2021-10-20,0.0036780411
2021-10-21,-0.0052280190
2021-10-22,0.0060776150
2021-10-25,0.0077870423
2021-10-26,0.0114989246
2021-10-27,0.0100133220
2021-10-28,-0.0002876151
2021-10-29,0.0077831179
2021-11-01,-0.0032980848
2021-11-02,-0.0059012333
2021-11-03,0.0026842745
2021-11-04,0.0021760316
2021-11-05,0.0066630115
2021-11-08,-0.0024107731
2021-11-09,0.0044572086
2021-11-10,0.0047538939
2021-11-11,0.0079491332
2021-11-12,0.0066230980
2021-11-15,-0.0042143019
2021-11-16,-0.0062079683
2021-11-17,0.0030607036
2021-11-18,0.0099932979
2021-11-19,-0.0000522235
2021-11-22,0.0030533669
2021-11-23,-0.0120145978
2021-11-24,-0.0021939217
2021-11-25,0.0023459334
2021-11-26,0.0034540469
2021-11-29,-0.0055008131
2021-11-30,0.0048138702
2021-12-01,0.0018962153
2021-12-02,0.0016487538
2021-12-03,0.0050377922
2021-12-06,-0.0065471820
2021-12-07,-0.0072142120
2021-12-08,-0.0019038583
2021-12-09,0.0032871710
2021-12-10,0.0055927542
2021-12-13,0.0058024950
2021-12-14,-0.0002081598
2021-12-15,-0.0062470833
2021-12-16,0.0158867567
2021-12-17,0.0039042361
2021-12-20,-0.0030343328
2021-12-21,0.0047411964
2021-12-22,-0.0149339607
2021-12-23,-0.0129489744
2021-12-24,0.0021994728
2021-12-27,-0.0102415062
2021-12-28,-0.0186098387
2021-12-29,-0.0268768303
2021-12-30,-0.0132098617
2021-12-31,0.0226638936
2022-01-03,-0.0241129902
2022-01-04,-0.0168810583
2022-01-05,0.0301443301
2022-01-06,0.0156334454
2022-01-07,-0.0321770273
2022-01-10,0.0167228356
2022-01-11,-0.0209384592
2022-01-12,0.0263359078
2022-01-13,-0.0015583699
2022-01-14,-0.0108197114
2022-01-17,-0.0195095716
2022-01-18,-0.0565867368
2022-01-19,-0.0535082090
2022-01-20,0.0099541750
2022-01-21,-0.0234992717
2022-01-24,-0.0178797377
2022-01-25,0.0217828754
2022-01-26,-0.0136908119
2022-01-27,-0.0143165177
2022-01-28,-0.0132372939
2022-01-31,-0.0014987581
2022-02-01,0.0166013981
2022-02-02,0.0048012863
2022-02-03,-0.0104762542
2022-02-04,0.0061949622
2022-02-07,-0.0065990069
2022-02-08,0.0012450273
2022-02-09,0.0009991168
2022-02-10,0.0227814591
2022-02-11,0.0093514898
2022-02-14,-0.0027763884
2022-02-15,0.0266095875
2022-02-16,-0.0113506885
2022-02-17,-0.0016413841
2022-02-18,0.0041981366
2022-02-21,0.0177982274
2022-02-22,0.0046463122
2022-02-23,-0.0166239363
2022-02-24,0.0093735629
2022-02-25,-0.0026131059
2022-02-28,0.0066137913
2022-03-01,0.0075384657
2022-03-02,0.0011062891
2022-03-03,-0.0146611193
2022-03-04,0.0118609852
2022-03-07,-0.0031596694
2022-03-08,0.0181985718
2022-03-09,-0.0226594336
2022-03-10,0.0027023999
2022-03-11,-0.0047916637
2022-03-14,0.0019676140
2022-03-15,-0.0018696924
2022-03-16,-0.0008201697
2022-03-17,-0.0061847856
2022-03-18,0.0199057479
2022-03-21,0.0242780810
2022-03-22,-0.0081769082
2022-03-23,-0.0213151415
2022-03-24,0.0065655332
2022-03-25,0.0016261434
2022-03-28,0.0114118806
2022-03-29,-0.0074483970
2022-03-30,-0.0041735671
2022-03-31,-0.0079608541
2022-04-01,-0.0111771868
2022-04-04,-0.0133458812
2022-04-05,0.0099758874
2022-04-06,0.0236269447
2022-04-07,-0.0163548873
2022-04-08,0.0034015063
2022-04-11,0.0024726574
2022-04-12,0.0055963575
2022-04-13,-0.0006736958
2022-04-14,-0.0062668293
2022-04-15,0.0112823315
2022-04-18,0.0075515089
2022-04-19,-0.0062725273
2022-04-20,-0.0201740470
2022-04-21,0.0140113951
2022-04-22,0.0067364226
2022-04-25,-0.0056185588
2022-04-26,0.0071700832
2022-04-27,-0.0049029769
2022-04-28,0.0250164594
2022-04-29,-0.0050689657
2022-05-02,-0.0154461386
2022-05-03,0.0049948314
2022-05-04,-0.0011164431
2022-05-05,0.0019282144
2022-05-06,0.0054917602
2022-05-09,-0.0033980326
2022-05-10,-0.0004400498
2022-05-11,0.0022581621
2022-05-12,0.0008777691
2022-05-13,0.0005440344
2022-05-16,-0.0041335134
2022-05-17,0.0093455587
2022-05-18,0.0077300295
2022-05-19,0.0014477534
2022-05-20,0.0094080683
2022-05-23,-0.0025022149
2022-05-24,0.0121115676
2022-05-25,0.0008997665
2022-05-26,0.0244894265
2022-05-27,-0.0197833689
2022-05-30,0.0109870220
2022-05-31,-0.0117869493
2022-06-01,0.0100381778
2022-06-02,-0.0016476005
2022-06-03,0.0145643965
2022-06-06,-0.0111996588
2022-06-07,0.0007248328
2022-06-08,-0.0131056149
2022-06-09,-0.0099493528
2022-06-10,0.0012231501
2022-06-13,-0.0033045093
2022-06-14,-0.0063586109
2022-06-15,-0.0028181615
2022-06-16,-0.0023296247
2022-06-17,-0.0027992960
2022-06-20,-0.0067152086
2022-06-21,0.0042660094
2022-06-22,0.0017903958
2022-06-23,0.0068746703
2022-06-24,-0.0024364107
2022-06-27,-0.0088844098
2022-06-28,0.0009332679
2022-06-29,0.0009665217
2022-06-30,0.0177948085
2022-07-01,0.0055029696
2022-07-04,0.0004382372
2022-07-05,0.0046055587
2022-07-06,0.0026681019
2022-07-07,-0.0062205149
2022-07-08,-0.0092719731
2022-07-11,-0.0016996656
2022-07-12,0.0053525796
2022-07-13,0.0061958632
2022-07-14,-0.0067970511
2022-07-15,-0.0046400784
2022-07-18,0.0028075484
2022-07-19,-0.0022865983
2022-07-20,-0.0009546127
2022-07-21,-0.0049865270
2022-07-22,-0.0019049730
2022-07-25,0.0056857451
2022-07-26,0.0040835694
2022-07-27,-0.0017005105
2022-07-28,0.0012599563
2022-07-29,-0.0016736027
2022-08-01,-0.0059850443
2022-08-02,-0.0075114654
2022-08-03,0.0050856989
2022-08-04,-0.0003734050
2022-08-05,0.0051713078
2022-08-08,0.0002836602
2022-08-09,-0.0073351497
2022-08-10,0.0082078558
2022-08-11,0.0029929586
2022-08-12,0.0022242944
2022-08-15,0.0012316597
2022-08-16,-0.0005642399
2022-08-17,0.0037754221
2022-08-18,-0.0066099986
2022-08-19,-0.0089415364
2022-08-22,0.0090430608
2022-08-23,-0.0020616524
2022-08-24,0.0038430085
2022-08-25,0.0109572967
2022-08-26,-0.0014910029
2022-08-29,0.0061923970
2022-08-30,-0.0053294356
2022-08-31,0.0048752809
2022-09-01,-0.0120476545
